{
  "project_info": {
    "project_number": "114730396023",
    "firebase_url": "https://adroid0720.firebaseio.com",
    "project_id": "adroid0720",
    "storage_bucket": "adroid0720.appspot.com"
  },
  "client": [
    {
      "client_info": {
        "mobilesdk_app_id": "1:114730396023:android:beaf4adfd8b2a4ef3e9972",
        "android_client_info": {
          "package_name": "com.adroid"
        }
      },
      "oauth_client": [
        {
          "client_id": "114730396023-jjn04j85v0g41je3gb0bp2qg90pgmdg2.apps.googleusercontent.com",
          "client_type": 3
        }
      ],
      "api_key": [
        {
          "current_key": "AIzaSyCv3hMzwKS-ECLTX7aSk_VcS4eK-vsvHII"
        }
      ],
      "services": {
        "appinvite_service": {
          "other_platform_oauth_client": [
            {
              "client_id": "114730396023-jjn04j85v0g41je3gb0bp2qg90pgmdg2.apps.googleusercontent.com",
              "client_type": 3
            }
          ]
        }
      }
    },
    {
      "client_info": {
        "mobilesdk_app_id": "1:114730396023:android:205529613ccfefcc3e9972",
        "android_client_info": {
          "package_name": "com.hungnq.dm8.fb"
        }
      },
      "oauth_client": [
        {
          "client_id": "114730396023-jjn04j85v0g41je3gb0bp2qg90pgmdg2.apps.googleusercontent.com",
          "client_type": 3
        }
      ],
      "api_key": [
        {
          "current_key": "AIzaSyCv3hMzwKS-ECLTX7aSk_VcS4eK-vsvHII"
        }
      ],
      "services": {
        "appinvite_service": {
          "other_platform_oauth_client": [
            {
              "client_id": "114730396023-jjn04j85v0g41je3gb0bp2qg90pgmdg2.apps.googleusercontent.com",
              "client_type": 3
            }
          ]
        }
      }
    }
  ],
  "configuration_version": "1"
}